time;num_exporter;num_metrics;num_labels;query;jq_selector;exporter;description;value;runtime
1706390952;50;100;10;sum(up{job="load_test"});.data.result[0].value[1];Load Test;Number of Targets up;"50";0
1706390954;50;100;10;count({__name__=~"Gauge_.+", job="load_test"});.data.result[0].value[1];Load Test;Total number of Gauges found in all Instances;"5000";2
1706390956;50;100;10;sum({__name__=~"Gauge_.+", job="load_test"});.data.result[0].value[1];Load Test;Grand total of all Gauge values on all Instances;"42269.99999999971";2
1706390957;50;100;10;avg({__name__=~"Gauge_.+", job="load_test"});.data.result[0].value[1];Load Test;Average of all Gauge values on all Instances;"8.661999999999997";1
1706390957;50;100;10;prometheus_sd_discovered_targets{config="load_test",name="scrape"};.data.result[0].value[1];Prometheus;HTTP SD Number of discovered targets;"50";0
1706390958;50;100;10;prometheus_sd_refresh_duration_seconds{mechanism="http",quantile="0.99"};.data.result[0].value[1];Prometheus;HTTP SD Refresh duration;"0.061326901";1
1706390958;50;100;10;prometheus_target_scrape_pool_targets{scrape_job="load_test"};.data.result[0].value[1];Prometheus;Current number of Targets in Scrape Pool;"50";0
1706390958;50;100;10;prometheus_target_sync_length_seconds{scrape_job="load_test",quantile="0.5"};.data.result[0].value[1];Prometheus;Time to sync Scrape pool Quantile 0.5;"0.063151973";0
1706390958;50;100;10;sum(net_conntrack_dialer_conn_failed_total{dialer_name="load_test"}) - sum(net_conntrack_dialer_conn_failed_total{dialer_name="load_test"} offset 1m);.data.result[0].value[1];Prometheus;Connection failed job Load Test 1m;"0";0
1706390958;50;100;10;node_hwmon_temp_celsius{chip="thermal_thermal_zone0",sensor="temp0"};.data.result[0].value[1];Node;Temperature Thermal zone 0 temp0;"40.084";0
1706390958;50;100;10;node_hwmon_temp_celsius{chip="thermal_thermal_zone0",sensor="temp1"};.data.result[0].value[1];Node;Temperature Thermal zone 0 temp1;"40.084";0
1706390958;50;100;10;(sum by(instance) (irate(node_cpu_seconds_total{job="node", mode!="idle"}[1m])) / on(instance) group_left sum by (instance)((irate(node_cpu_seconds_total{job="node"}[1m])))) * 100;.data.result[0].value[1];Node;CPU Busy % 1m;"20.906630581867176";0
1706390958;50;100;10;avg_over_time(node_load1{job="node"}[1m]) * 100 / on(instance) group_left sum by (instance)(irate(node_cpu_seconds_total{job="node"}[1m]));.data.result[0].value[1];Node;Sys Load % 1m;"63.68403247631921";0
1706390958;50;100;10;100 - ((avg_over_time(node_memory_MemAvailable_bytes{job="node"}[1m]) * 100) / avg_over_time(node_memory_MemTotal_bytes{job="node"}[1m]));.data.result[0].value[1];Node;Ram used % 1m;"66.84630102040816";0
1706390958;50;100;10;((avg_over_time(node_memory_SwapTotal_bytes{job="node"}[1m]) - avg_over_time(node_memory_SwapFree_bytes{job="node"}[1m])) / (avg_over_time(node_memory_SwapTotal_bytes{job="node"}[1m]) )) * 100;.data.result[0].value[1];Node;SWAP used % 1m;"39.51326223680612";0
1706390958;50;100;10;(sum by(instance) (irate(node_cpu_seconds_total{job="node", mode!="idle"}[5m])) / on(instance) group_left sum by (instance)((irate(node_cpu_seconds_total{job="node"}[5m])))) * 100;.data.result[0].value[1];Node;CPU Busy % 5m;"20.906630581867176";0
1706390958;50;100;10;avg_over_time(node_load1{job="node"}[5m]) * 100 / on(instance) group_left sum by (instance)(irate(node_cpu_seconds_total{job="node"}[5m]));.data.result[0].value[1];Node;Sys Load % 5m;"46.12652232746945";0
1706390959;50;100;10;100 - ((avg_over_time(node_memory_MemAvailable_bytes{job="node"}[5m]) * 100) / avg_over_time(node_memory_MemTotal_bytes{job="node"}[5m]));.data.result[0].value[1];Node;Ram used % 5m;"66.97111880466471";1
1706390959;50;100;10;((avg_over_time(node_memory_SwapTotal_bytes{job="node"}[5m]) - avg_over_time(node_memory_SwapFree_bytes{job="node"}[5m])) / (avg_over_time(node_memory_SwapTotal_bytes{job="node"}[5m]) )) * 100;.data.result[0].value[1];Node;SWAP used % 5m;"39.61326614320872";0
1706391049;50;100;50;sum(up{job="load_test"});.data.result[0].value[1];Load Test;Number of Targets up;"50";0
1706391052;50;100;50;count({__name__=~"Gauge_.+", job="load_test"});.data.result[0].value[1];Load Test;Total number of Gauges found in all Instances;"5000";3
1706391055;50;100;50;sum({__name__=~"Gauge_.+", job="load_test"});.data.result[0].value[1];Load Test;Grand total of all Gauge values on all Instances;"43159.99999999936";3
1706391058;50;100;50;avg({__name__=~"Gauge_.+", job="load_test"});.data.result[0].value[1];Load Test;Average of all Gauge values on all Instances;"8.721999999999973";3
1706391058;50;100;50;prometheus_sd_discovered_targets{config="load_test",name="scrape"};.data.result[0].value[1];Prometheus;HTTP SD Number of discovered targets;"50";0
1706391058;50;100;50;prometheus_sd_refresh_duration_seconds{mechanism="http",quantile="0.99"};.data.result[0].value[1];Prometheus;HTTP SD Refresh duration;"0.05461611";0
1706391058;50;100;50;prometheus_target_scrape_pool_targets{scrape_job="load_test"};.data.result[0].value[1];Prometheus;Current number of Targets in Scrape Pool;"50";0
1706391058;50;100;50;prometheus_target_sync_length_seconds{scrape_job="load_test",quantile="0.5"};.data.result[0].value[1];Prometheus;Time to sync Scrape pool Quantile 0.5;"0.043009436";0
1706391058;50;100;50;sum(net_conntrack_dialer_conn_failed_total{dialer_name="load_test"}) - sum(net_conntrack_dialer_conn_failed_total{dialer_name="load_test"} offset 1m);.data.result[0].value[1];Prometheus;Connection failed job Load Test 1m;"0";0
1706391059;50;100;50;node_hwmon_temp_celsius{chip="thermal_thermal_zone0",sensor="temp0"};.data.result[0].value[1];Node;Temperature Thermal zone 0 temp0;"42.236000000000004";0
1706391059;50;100;50;node_hwmon_temp_celsius{chip="thermal_thermal_zone0",sensor="temp1"};.data.result[0].value[1];Node;Temperature Thermal zone 0 temp1;"41.160000000000004";0
1706391059;50;100;50;(sum by(instance) (irate(node_cpu_seconds_total{job="node", mode!="idle"}[1m])) / on(instance) group_left sum by (instance)((irate(node_cpu_seconds_total{job="node"}[1m])))) * 100;.data.result[0].value[1];Node;CPU Busy % 1m;"20.996677740863987";0
1706391059;50;100;50;avg_over_time(node_load1{job="node"}[1m]) * 100 / on(instance) group_left sum by (instance)(irate(node_cpu_seconds_total{job="node"}[1m]));.data.result[0].value[1];Node;Sys Load % 1m;"52.63784053155989";0
1706391059;50;100;50;100 - ((avg_over_time(node_memory_MemAvailable_bytes{job="node"}[1m]) * 100) / avg_over_time(node_memory_MemTotal_bytes{job="node"}[1m]));.data.result[0].value[1];Node;Ram used % 1m;"61.61078717201166";0
1706391059;50;100;50;((avg_over_time(node_memory_SwapTotal_bytes{job="node"}[1m]) - avg_over_time(node_memory_SwapFree_bytes{job="node"}[1m])) / (avg_over_time(node_memory_SwapTotal_bytes{job="node"}[1m]) )) * 100;.data.result[0].value[1];Node;SWAP used % 1m;"38.76323293878667";0
1706391059;50;100;50;(sum by(instance) (irate(node_cpu_seconds_total{job="node", mode!="idle"}[5m])) / on(instance) group_left sum by (instance)((irate(node_cpu_seconds_total{job="node"}[5m])))) * 100;.data.result[0].value[1];Node;CPU Busy % 5m;"20.996677740863987";0
1706391059;50;100;50;avg_over_time(node_load1{job="node"}[5m]) * 100 / on(instance) group_left sum by (instance)(irate(node_cpu_seconds_total{job="node"}[5m]));.data.result[0].value[1];Node;Sys Load % 5m;"57.4276345514933";0
1706391059;50;100;50;100 - ((avg_over_time(node_memory_MemAvailable_bytes{job="node"}[5m]) * 100) / avg_over_time(node_memory_MemTotal_bytes{job="node"}[5m]));.data.result[0].value[1];Node;Ram used % 5m;"65.57621173469389";0
1706391059;50;100;50;((avg_over_time(node_memory_SwapTotal_bytes{job="node"}[5m]) - avg_over_time(node_memory_SwapFree_bytes{job="node"}[5m])) / (avg_over_time(node_memory_SwapTotal_bytes{job="node"}[5m]) )) * 100;.data.result[0].value[1];Node;SWAP used % 5m;"39.36325637720224";0
1706391150;50;100;100;sum(up{job="load_test"});.data.result[0].value[1];Load Test;Number of Targets up;"50";0
1706391153;50;100;100;count({__name__=~"Gauge_.+", job="load_test"});.data.result[0].value[1];Load Test;Total number of Gauges found in all Instances;"5000";3
1706391156;50;100;100;sum({__name__=~"Gauge_.+", job="load_test"});.data.result[0].value[1];Load Test;Grand total of all Gauge values on all Instances;"43239.99999999955";3
1706391159;50;100;100;avg({__name__=~"Gauge_.+", job="load_test"});.data.result[0].value[1];Load Test;Average of all Gauge values on all Instances;"8.948000000000034";3
1706391159;50;100;100;prometheus_sd_discovered_targets{config="load_test",name="scrape"};.data.result[0].value[1];Prometheus;HTTP SD Number of discovered targets;"50";0
1706391160;50;100;100;prometheus_sd_refresh_duration_seconds{mechanism="http",quantile="0.99"};.data.result[0].value[1];Prometheus;HTTP SD Refresh duration;"0.069408152";1
1706391160;50;100;100;prometheus_target_scrape_pool_targets{scrape_job="load_test"};.data.result[0].value[1];Prometheus;Current number of Targets in Scrape Pool;"50";0
1706391160;50;100;100;prometheus_target_sync_length_seconds{scrape_job="load_test",quantile="0.5"};.data.result[0].value[1];Prometheus;Time to sync Scrape pool Quantile 0.5;"0.057414284";0
1706391160;50;100;100;sum(net_conntrack_dialer_conn_failed_total{dialer_name="load_test"}) - sum(net_conntrack_dialer_conn_failed_total{dialer_name="load_test"} offset 1m);.data.result[0].value[1];Prometheus;Connection failed job Load Test 1m;"0";0
1706391160;50;100;100;node_hwmon_temp_celsius{chip="thermal_thermal_zone0",sensor="temp0"};.data.result[0].value[1];Node;Temperature Thermal zone 0 temp0;"42.774";0
1706391160;50;100;100;node_hwmon_temp_celsius{chip="thermal_thermal_zone0",sensor="temp1"};.data.result[0].value[1];Node;Temperature Thermal zone 0 temp1;"43.312";0
1706391160;50;100;100;(sum by(instance) (irate(node_cpu_seconds_total{job="node", mode!="idle"}[1m])) / on(instance) group_left sum by (instance)((irate(node_cpu_seconds_total{job="node"}[1m])))) * 100;.data.result[0].value[1];Node;CPU Busy % 1m;"45.01672240802763";0
1706391160;50;100;100;avg_over_time(node_load1{job="node"}[1m]) * 100 / on(instance) group_left sum by (instance)(irate(node_cpu_seconds_total{job="node"}[1m]));.data.result[0].value[1];Node;Sys Load % 1m;"63.231772575251355";0
1706391160;50;100;100;100 - ((avg_over_time(node_memory_MemAvailable_bytes{job="node"}[1m]) * 100) / avg_over_time(node_memory_MemTotal_bytes{job="node"}[1m]));.data.result[0].value[1];Node;Ram used % 1m;"68.48282616618076";0
1706391160;50;100;100;((avg_over_time(node_memory_SwapTotal_bytes{job="node"}[1m]) - avg_over_time(node_memory_SwapFree_bytes{job="node"}[1m])) / (avg_over_time(node_memory_SwapTotal_bytes{job="node"}[1m]) )) * 100;.data.result[0].value[1];Node;SWAP used % 1m;"37.388179225751";0
1706391160;50;100;100;(sum by(instance) (irate(node_cpu_seconds_total{job="node", mode!="idle"}[5m])) / on(instance) group_left sum by (instance)((irate(node_cpu_seconds_total{job="node"}[5m])))) * 100;.data.result[0].value[1];Node;CPU Busy % 5m;"45.01672240802763";0
1706391160;50;100;100;avg_over_time(node_load1{job="node"}[5m]) * 100 / on(instance) group_left sum by (instance)(irate(node_cpu_seconds_total{job="node"}[5m]));.data.result[0].value[1];Node;Sys Load % 5m;"65.74096989966611";0
1706391161;50;100;100;100 - ((avg_over_time(node_memory_MemAvailable_bytes{job="node"}[5m]) * 100) / avg_over_time(node_memory_MemTotal_bytes{job="node"}[5m]));.data.result[0].value[1];Node;Ram used % 5m;"65.99549016034985";1
1706391161;50;100;100;((avg_over_time(node_memory_SwapTotal_bytes{job="node"}[5m]) - avg_over_time(node_memory_SwapFree_bytes{job="node"}[5m])) / (avg_over_time(node_memory_SwapTotal_bytes{job="node"}[5m]) )) * 100;.data.result[0].value[1];Node;SWAP used % 5m;"38.63822805578343";0
1706391251;50;200;10;sum(up{job="load_test"});.data.result[0].value[1];Load Test;Number of Targets up;"50";0
1706391256;50;200;10;count({__name__=~"Gauge_.+", job="load_test"});.data.result[0].value[1];Load Test;Total number of Gauges found in all Instances;"10000";5
1706391261;50;200;10;sum({__name__=~"Gauge_.+", job="load_test"});.data.result[0].value[1];Load Test;Grand total of all Gauge values on all Instances;"86860.0000000004";5
1706391265;50;200;10;avg({__name__=~"Gauge_.+", job="load_test"});.data.result[0].value[1];Load Test;Average of all Gauge values on all Instances;"9.219999999999962";4
1706391265;50;200;10;prometheus_sd_discovered_targets{config="load_test",name="scrape"};.data.result[0].value[1];Prometheus;HTTP SD Number of discovered targets;"50";0
1706391265;50;200;10;prometheus_sd_refresh_duration_seconds{mechanism="http",quantile="0.99"};.data.result[0].value[1];Prometheus;HTTP SD Refresh duration;"0.069408152";0
1706391266;50;200;10;prometheus_target_scrape_pool_targets{scrape_job="load_test"};.data.result[0].value[1];Prometheus;Current number of Targets in Scrape Pool;"50";1
1706391266;50;200;10;prometheus_target_sync_length_seconds{scrape_job="load_test",quantile="0.5"};.data.result[0].value[1];Prometheus;Time to sync Scrape pool Quantile 0.5;"0.043009436";0
1706391266;50;200;10;sum(net_conntrack_dialer_conn_failed_total{dialer_name="load_test"}) - sum(net_conntrack_dialer_conn_failed_total{dialer_name="load_test"} offset 1m);.data.result[0].value[1];Prometheus;Connection failed job Load Test 1m;"0";0
1706391266;50;200;10;node_hwmon_temp_celsius{chip="thermal_thermal_zone0",sensor="temp0"};.data.result[0].value[1];Node;Temperature Thermal zone 0 temp0;"42.774";0
1706391266;50;200;10;node_hwmon_temp_celsius{chip="thermal_thermal_zone0",sensor="temp1"};.data.result[0].value[1];Node;Temperature Thermal zone 0 temp1;"43.312";0
1706391266;50;200;10;(sum by(instance) (irate(node_cpu_seconds_total{job="node", mode!="idle"}[1m])) / on(instance) group_left sum by (instance)((irate(node_cpu_seconds_total{job="node"}[1m])))) * 100;.data.result[0].value[1];Node;CPU Busy % 1m;"66.97923643670352";0
1706391266;50;200;10;avg_over_time(node_load1{job="node"}[1m]) * 100 / on(instance) group_left sum by (instance)(irate(node_cpu_seconds_total{job="node"}[1m]));.data.result[0].value[1];Node;Sys Load % 1m;"55.560850636301346";0
1706391266;50;200;10;100 - ((avg_over_time(node_memory_MemAvailable_bytes{job="node"}[1m]) * 100) / avg_over_time(node_memory_MemTotal_bytes{job="node"}[1m]));.data.result[0].value[1];Node;Ram used % 1m;"77.74189139941691";0
1706391266;50;200;10;((avg_over_time(node_memory_SwapTotal_bytes{job="node"}[1m]) - avg_over_time(node_memory_SwapFree_bytes{job="node"}[1m])) / (avg_over_time(node_memory_SwapTotal_bytes{job="node"}[1m]) )) * 100;.data.result[0].value[1];Node;SWAP used % 1m;"39.38825735380288";0
1706391266;50;200;10;(sum by(instance) (irate(node_cpu_seconds_total{job="node", mode!="idle"}[5m])) / on(instance) group_left sum by (instance)((irate(node_cpu_seconds_total{job="node"}[5m])))) * 100;.data.result[0].value[1];Node;CPU Busy % 5m;"66.97923643670352";0
1706391266;50;200;10;avg_over_time(node_load1{job="node"}[5m]) * 100 / on(instance) group_left sum by (instance)(irate(node_cpu_seconds_total{job="node"}[5m]));.data.result[0].value[1];Node;Sys Load % 5m;"63.153328868049336";0
1706391267;50;200;10;100 - ((avg_over_time(node_memory_MemAvailable_bytes{job="node"}[5m]) * 100) / avg_over_time(node_memory_MemTotal_bytes{job="node"}[5m]));.data.result[0].value[1];Node;Ram used % 5m;"69.56937864431487";1
1706391267;50;200;10;((avg_over_time(node_memory_SwapTotal_bytes{job="node"}[5m]) - avg_over_time(node_memory_SwapFree_bytes{job="node"}[5m])) / (avg_over_time(node_memory_SwapTotal_bytes{job="node"}[5m]) )) * 100;.data.result[0].value[1];Node;SWAP used % 5m;"38.550724637681164";0
1706391357;50;200;50;sum(up{job="load_test"});.data.result[0].value[1];Load Test;Number of Targets up;"50";0
1706391363;50;200;50;count({__name__=~"Gauge_.+", job="load_test"});.data.result[0].value[1];Load Test;Total number of Gauges found in all Instances;"10000";6
1706391369;50;200;50;sum({__name__=~"Gauge_.+", job="load_test"});.data.result[0].value[1];Load Test;Grand total of all Gauge values on all Instances;"87119.99999999882";6
1706391378;50;200;50;avg({__name__=~"Gauge_.+", job="load_test"});.data.result[0].value[1];Load Test;Average of all Gauge values on all Instances;"9.365999999999975";9
1706391378;50;200;50;prometheus_sd_discovered_targets{config="load_test",name="scrape"};.data.result[0].value[1];Prometheus;HTTP SD Number of discovered targets;"50";0
1706391378;50;200;50;prometheus_sd_refresh_duration_seconds{mechanism="http",quantile="0.99"};.data.result[0].value[1];Prometheus;HTTP SD Refresh duration;"0.116200692";0
1706391378;50;200;50;prometheus_target_scrape_pool_targets{scrape_job="load_test"};.data.result[0].value[1];Prometheus;Current number of Targets in Scrape Pool;"50";0
1706391378;50;200;50;prometheus_target_sync_length_seconds{scrape_job="load_test",quantile="0.5"};.data.result[0].value[1];Prometheus;Time to sync Scrape pool Quantile 0.5;"0.043009436";0
1706391378;50;200;50;sum(net_conntrack_dialer_conn_failed_total{dialer_name="load_test"}) - sum(net_conntrack_dialer_conn_failed_total{dialer_name="load_test"} offset 1m);.data.result[0].value[1];Prometheus;Connection failed job Load Test 1m;"0";0
1706391378;50;200;50;node_hwmon_temp_celsius{chip="thermal_thermal_zone0",sensor="temp0"};.data.result[0].value[1];Node;Temperature Thermal zone 0 temp0;"42.774";0
1706391378;50;200;50;node_hwmon_temp_celsius{chip="thermal_thermal_zone0",sensor="temp1"};.data.result[0].value[1];Node;Temperature Thermal zone 0 temp1;"43.312";0
1706391378;50;200;50;(sum by(instance) (irate(node_cpu_seconds_total{job="node", mode!="idle"}[1m])) / on(instance) group_left sum by (instance)((irate(node_cpu_seconds_total{job="node"}[1m])))) * 100;.data.result[0].value[1];Node;CPU Busy % 1m;"63.960396039603786";0
1706391379;50;200;50;avg_over_time(node_load1{job="node"}[1m]) * 100 / on(instance) group_left sum by (instance)(irate(node_cpu_seconds_total{job="node"}[1m]));.data.result[0].value[1];Node;Sys Load % 1m;"47.569108910891";1
1706391379;50;200;50;100 - ((avg_over_time(node_memory_MemAvailable_bytes{job="node"}[1m]) * 100) / avg_over_time(node_memory_MemTotal_bytes{job="node"}[1m]));.data.result[0].value[1];Node;Ram used % 1m;"80.48332725947522";0
1706391379;50;200;50;((avg_over_time(node_memory_SwapTotal_bytes{job="node"}[1m]) - avg_over_time(node_memory_SwapFree_bytes{job="node"}[1m])) / (avg_over_time(node_memory_SwapTotal_bytes{job="node"}[1m]) )) * 100;.data.result[0].value[1];Node;SWAP used % 1m;"39.1382475877964";0
1706391379;50;200;50;(sum by(instance) (irate(node_cpu_seconds_total{job="node", mode!="idle"}[5m])) / on(instance) group_left sum by (instance)((irate(node_cpu_seconds_total{job="node"}[5m])))) * 100;.data.result[0].value[1];Node;CPU Busy % 5m;"63.960396039603786";0
1706391379;50;200;50;avg_over_time(node_load1{job="node"}[5m]) * 100 / on(instance) group_left sum by (instance)(irate(node_cpu_seconds_total{job="node"}[5m]));.data.result[0].value[1];Node;Sys Load % 5m;"60.254204620461934";0
1706391379;50;200;50;100 - ((avg_over_time(node_memory_MemAvailable_bytes{job="node"}[5m]) * 100) / avg_over_time(node_memory_MemTotal_bytes{job="node"}[5m]));.data.result[0].value[1];Node;Ram used % 5m;"75.5455083819242";0
1706391379;50;200;50;((avg_over_time(node_memory_SwapTotal_bytes{job="node"}[5m]) - avg_over_time(node_memory_SwapFree_bytes{job="node"}[5m])) / (avg_over_time(node_memory_SwapTotal_bytes{job="node"}[5m]) )) * 100;.data.result[0].value[1];Node;SWAP used % 5m;"38.65072854408375";0
1706391470;50;200;100;sum(up{job="load_test"});.data.result[0].value[1];Load Test;Number of Targets up;"50";1
1706391482;50;200;100;count({__name__=~"Gauge_.+", job="load_test"});.data.result[0].value[1];Load Test;Total number of Gauges found in all Instances;"10000";12
1706391488;50;200;100;sum({__name__=~"Gauge_.+", job="load_test"});.data.result[0].value[1];Load Test;Grand total of all Gauge values on all Instances;"95139.99999999996";6
1706391494;50;200;100;avg({__name__=~"Gauge_.+", job="load_test"});.data.result[0].value[1];Load Test;Average of all Gauge values on all Instances;"10.075999999999985";6
1706391494;50;200;100;prometheus_sd_discovered_targets{config="load_test",name="scrape"};.data.result[0].value[1];Prometheus;HTTP SD Number of discovered targets;"50";0
1706391494;50;200;100;prometheus_sd_refresh_duration_seconds{mechanism="http",quantile="0.99"};.data.result[0].value[1];Prometheus;HTTP SD Refresh duration;"0.167675156";0
1706391494;50;200;100;prometheus_target_scrape_pool_targets{scrape_job="load_test"};.data.result[0].value[1];Prometheus;Current number of Targets in Scrape Pool;"50";0
1706391495;50;200;100;prometheus_target_sync_length_seconds{scrape_job="load_test",quantile="0.5"};.data.result[0].value[1];Prometheus;Time to sync Scrape pool Quantile 0.5;"0.057414284";1
1706391495;50;200;100;sum(net_conntrack_dialer_conn_failed_total{dialer_name="load_test"}) - sum(net_conntrack_dialer_conn_failed_total{dialer_name="load_test"} offset 1m);.data.result[0].value[1];Prometheus;Connection failed job Load Test 1m;"0";0
1706391495;50;200;100;node_hwmon_temp_celsius{chip="thermal_thermal_zone0",sensor="temp0"};.data.result[0].value[1];Node;Temperature Thermal zone 0 temp0;"44.388";0
1706391495;50;200;100;node_hwmon_temp_celsius{chip="thermal_thermal_zone0",sensor="temp1"};.data.result[0].value[1];Node;Temperature Thermal zone 0 temp1;"44.388";0
1706391495;50;200;100;(sum by(instance) (irate(node_cpu_seconds_total{job="node", mode!="idle"}[1m])) / on(instance) group_left sum by (instance)((irate(node_cpu_seconds_total{job="node"}[1m])))) * 100;.data.result[0].value[1];Node;CPU Busy % 1m;"100";0
1706391495;50;200;100;avg_over_time(node_load1{job="node"}[1m]) * 100 / on(instance) group_left sum by (instance)(irate(node_cpu_seconds_total{job="node"}[1m]));.data.result[0].value[1];Node;Sys Load % 1m;"48.871323035594365";0
1706391495;50;200;100;100 - ((avg_over_time(node_memory_MemAvailable_bytes{job="node"}[1m]) * 100) / avg_over_time(node_memory_MemTotal_bytes{job="node"}[1m]));.data.result[0].value[1];Node;Ram used % 1m;"91.4893859329446";0
1706391495;50;200;100;((avg_over_time(node_memory_SwapTotal_bytes{job="node"}[1m]) - avg_over_time(node_memory_SwapFree_bytes{job="node"}[1m])) / (avg_over_time(node_memory_SwapTotal_bytes{job="node"}[1m]) )) * 100;.data.result[0].value[1];Node;SWAP used % 1m;"42.28387827649517";0
1706391495;50;200;100;(sum by(instance) (irate(node_cpu_seconds_total{job="node", mode!="idle"}[5m])) / on(instance) group_left sum by (instance)((irate(node_cpu_seconds_total{job="node"}[5m])))) * 100;.data.result[0].value[1];Node;CPU Busy % 5m;"100";0
1706391495;50;200;100;avg_over_time(node_load1{job="node"}[5m]) * 100 / on(instance) group_left sum by (instance)(irate(node_cpu_seconds_total{job="node"}[5m]));.data.result[0].value[1];Node;Sys Load % 5m;"53.7080725319006";0
1706391495;50;200;100;100 - ((avg_over_time(node_memory_MemAvailable_bytes{job="node"}[5m]) * 100) / avg_over_time(node_memory_MemTotal_bytes{job="node"}[5m]));.data.result[0].value[1];Node;Ram used % 5m;"82.66444970845481";0
1706391495;50;200;100;((avg_over_time(node_memory_SwapTotal_bytes{job="node"}[5m]) - avg_over_time(node_memory_SwapFree_bytes{job="node"}[5m])) / (avg_over_time(node_memory_SwapTotal_bytes{job="node"}[5m]) )) * 100;.data.result[0].value[1];Node;SWAP used % 5m;"39.77987421383648";0
1706391586;100;100;10;sum(up{job="load_test"});.data.result[0].value[1];Load Test;Number of Targets up;"100";0
1706391593;100;100;10;count({__name__=~"Gauge_.+", job="load_test"});.data.result[0].value[1];Load Test;Total number of Gauges found in all Instances;"10000";7
1706391602;100;100;10;sum({__name__=~"Gauge_.+", job="load_test"});.data.result[0].value[1];Load Test;Grand total of all Gauge values on all Instances;"88990.00000000073";9
1706391615;100;100;10;avg({__name__=~"Gauge_.+", job="load_test"});.data.result[0].value[1];Load Test;Average of all Gauge values on all Instances;"9.862999999999996";13
1706391615;100;100;10;prometheus_sd_discovered_targets{config="load_test",name="scrape"};.data.result[0].value[1];Prometheus;HTTP SD Number of discovered targets;"100";0
1706391615;100;100;10;prometheus_sd_refresh_duration_seconds{mechanism="http",quantile="0.99"};.data.result[0].value[1];Prometheus;HTTP SD Refresh duration;"0.167675156";0
1706391615;100;100;10;prometheus_target_scrape_pool_targets{scrape_job="load_test"};.data.result[0].value[1];Prometheus;Current number of Targets in Scrape Pool;"100";0
1706391615;100;100;10;prometheus_target_sync_length_seconds{scrape_job="load_test",quantile="0.5"};.data.result[0].value[1];Prometheus;Time to sync Scrape pool Quantile 0.5;"0.075783158";0
1706391615;100;100;10;sum(net_conntrack_dialer_conn_failed_total{dialer_name="load_test"}) - sum(net_conntrack_dialer_conn_failed_total{dialer_name="load_test"} offset 1m);.data.result[0].value[1];Prometheus;Connection failed job Load Test 1m;"0";0
1706391615;100;100;10;node_hwmon_temp_celsius{chip="thermal_thermal_zone0",sensor="temp0"};.data.result[0].value[1];Node;Temperature Thermal zone 0 temp0;"44.388";0
1706391615;100;100;10;node_hwmon_temp_celsius{chip="thermal_thermal_zone0",sensor="temp1"};.data.result[0].value[1];Node;Temperature Thermal zone 0 temp1;"44.388";0
1706391615;100;100;10;(sum by(instance) (irate(node_cpu_seconds_total{job="node", mode!="idle"}[1m])) / on(instance) group_left sum by (instance)((irate(node_cpu_seconds_total{job="node"}[1m])))) * 100;.data.result[0].value[1];Node;CPU Busy % 1m;"99.86431478968804";0
1706391615;100;100;10;avg_over_time(node_load1{job="node"}[1m]) * 100 / on(instance) group_left sum by (instance)(irate(node_cpu_seconds_total{job="node"}[1m]));.data.result[0].value[1];Node;Sys Load % 1m;"46.550780189959326";0
1706391615;100;100;10;100 - ((avg_over_time(node_memory_MemAvailable_bytes{job="node"}[1m]) * 100) / avg_over_time(node_memory_MemTotal_bytes{job="node"}[1m]));.data.result[0].value[1];Node;Ram used % 1m;"90.66782069970846";0
1706391615;100;100;10;((avg_over_time(node_memory_SwapTotal_bytes{job="node"}[1m]) - avg_over_time(node_memory_SwapFree_bytes{job="node"}[1m])) / (avg_over_time(node_memory_SwapTotal_bytes{job="node"}[1m]) )) * 100;.data.result[0].value[1];Node;SWAP used % 1m;"61.46138521035978";0
1706391615;100;100;10;(sum by(instance) (irate(node_cpu_seconds_total{job="node", mode!="idle"}[5m])) / on(instance) group_left sum by (instance)((irate(node_cpu_seconds_total{job="node"}[5m])))) * 100;.data.result[0].value[1];Node;CPU Busy % 5m;"99.86431478968804";0
1706391616;100;100;10;avg_over_time(node_load1{job="node"}[5m]) * 100 / on(instance) group_left sum by (instance)(irate(node_cpu_seconds_total{job="node"}[5m]));.data.result[0].value[1];Node;Sys Load % 5m;"49.34891451831753";1
1706391616;100;100;10;100 - ((avg_over_time(node_memory_MemAvailable_bytes{job="node"}[5m]) * 100) / avg_over_time(node_memory_MemTotal_bytes{job="node"}[5m]));.data.result[0].value[1];Node;Ram used % 5m;"87.69843294460641";0
1706391616;100;100;10;((avg_over_time(node_memory_SwapTotal_bytes{job="node"}[5m]) - avg_over_time(node_memory_SwapFree_bytes{job="node"}[5m])) / (avg_over_time(node_memory_SwapTotal_bytes{job="node"}[5m]) )) * 100;.data.result[0].value[1];Node;SWAP used % 5m;"48.23606390874644";0
1706391706;100;100;50;sum(up{job="load_test"});.data.result[0].value[1];Load Test;Number of Targets up;"100";0
1706391714;100;100;50;count({__name__=~"Gauge_.+", job="load_test"});.data.result[0].value[1];Load Test;Total number of Gauges found in all Instances;"10000";8
1706391725;100;100;50;sum({__name__=~"Gauge_.+", job="load_test"});.data.result[0].value[1];Load Test;Grand total of all Gauge values on all Instances;"89840.00000000143";11
1706391732;100;100;50;avg({__name__=~"Gauge_.+", job="load_test"});.data.result[0].value[1];Load Test;Average of all Gauge values on all Instances;"9.950999999999961";7
1706391732;100;100;50;prometheus_sd_discovered_targets{config="load_test",name="scrape"};.data.result[0].value[1];Prometheus;HTTP SD Number of discovered targets;"100";0
1706391732;100;100;50;prometheus_sd_refresh_duration_seconds{mechanism="http",quantile="0.99"};.data.result[0].value[1];Prometheus;HTTP SD Refresh duration;"0.167675156";0
1706391732;100;100;50;prometheus_target_scrape_pool_targets{scrape_job="load_test"};.data.result[0].value[1];Prometheus;Current number of Targets in Scrape Pool;"100";0
1706391732;100;100;50;prometheus_target_sync_length_seconds{scrape_job="load_test",quantile="0.5"};.data.result[0].value[1];Prometheus;Time to sync Scrape pool Quantile 0.5;"0.075783158";0
1706391732;100;100;50;sum(net_conntrack_dialer_conn_failed_total{dialer_name="load_test"}) - sum(net_conntrack_dialer_conn_failed_total{dialer_name="load_test"} offset 1m);.data.result[0].value[1];Prometheus;Connection failed job Load Test 1m;"0";0
1706391732;100;100;50;node_hwmon_temp_celsius{chip="thermal_thermal_zone0",sensor="temp0"};.data.result[0].value[1];Node;Temperature Thermal zone 0 temp0;"44.388";0
1706391733;100;100;50;node_hwmon_temp_celsius{chip="thermal_thermal_zone0",sensor="temp1"};.data.result[0].value[1];Node;Temperature Thermal zone 0 temp1;"44.388";1
1706391733;100;100;50;(sum by(instance) (irate(node_cpu_seconds_total{job="node", mode!="idle"}[1m])) / on(instance) group_left sum by (instance)((irate(node_cpu_seconds_total{job="node"}[1m])))) * 100;.data.result[0].value[1];Node;CPU Busy % 1m;"99.66622162884026";0
1706391733;100;100;50;avg_over_time(node_load1{job="node"}[1m]) * 100 / on(instance) group_left sum by (instance)(irate(node_cpu_seconds_total{job="node"}[1m]));.data.result[0].value[1];Node;Sys Load % 1m;"79.68574766355263";0
1706391733;100;100;50;100 - ((avg_over_time(node_memory_MemAvailable_bytes{job="node"}[1m]) * 100) / avg_over_time(node_memory_MemTotal_bytes{job="node"}[1m]));.data.result[0].value[1];Node;Ram used % 1m;"90.08564139941691";0
1706391733;100;100;50;((avg_over_time(node_memory_SwapTotal_bytes{job="node"}[1m]) - avg_over_time(node_memory_SwapFree_bytes{job="node"}[1m])) / (avg_over_time(node_memory_SwapTotal_bytes{job="node"}[1m]) )) * 100;.data.result[0].value[1];Node;SWAP used % 1m;"71.67076838939022";0
1706391733;100;100;50;(sum by(instance) (irate(node_cpu_seconds_total{job="node", mode!="idle"}[5m])) / on(instance) group_left sum by (instance)((irate(node_cpu_seconds_total{job="node"}[5m])))) * 100;.data.result[0].value[1];Node;CPU Busy % 5m;"99.66622162884026";0
1706391733;100;100;50;avg_over_time(node_load1{job="node"}[5m]) * 100 / on(instance) group_left sum by (instance)(irate(node_cpu_seconds_total{job="node"}[5m]));.data.result[0].value[1];Node;Sys Load % 5m;"65.70315420560848";0
1706391733;100;100;50;100 - ((avg_over_time(node_memory_MemAvailable_bytes{job="node"}[5m]) * 100) / avg_over_time(node_memory_MemTotal_bytes{job="node"}[5m]));.data.result[0].value[1];Node;Ram used % 5m;"90.43399234693878";0
1706391733;100;100;50;((avg_over_time(node_memory_SwapTotal_bytes{job="node"}[5m]) - avg_over_time(node_memory_SwapFree_bytes{job="node"}[5m])) / (avg_over_time(node_memory_SwapTotal_bytes{job="node"}[5m]) )) * 100;.data.result[0].value[1];Node;SWAP used % 5m;"63.92417672565334";0
1706391824;100;100;100;sum(up{job="load_test"});.data.result[0].value[1];Load Test;Number of Targets up;"100";0
1706391836;100;100;100;count({__name__=~"Gauge_.+", job="load_test"});.data.result[0].value[1];Load Test;Total number of Gauges found in all Instances;"10000";12
1706391845;100;100;100;sum({__name__=~"Gauge_.+", job="load_test"});.data.result[0].value[1];Load Test;Grand total of all Gauge values on all Instances;"94100.00000000106";9
1706391853;100;100;100;avg({__name__=~"Gauge_.+", job="load_test"});.data.result[0].value[1];Load Test;Average of all Gauge values on all Instances;"10.338000000000001";8
1706391853;100;100;100;prometheus_sd_discovered_targets{config="load_test",name="scrape"};.data.result[0].value[1];Prometheus;HTTP SD Number of discovered targets;"100";0
1706391853;100;100;100;prometheus_sd_refresh_duration_seconds{mechanism="http",quantile="0.99"};.data.result[0].value[1];Prometheus;HTTP SD Refresh duration;"0.167675156";0
1706391853;100;100;100;prometheus_target_scrape_pool_targets{scrape_job="load_test"};.data.result[0].value[1];Prometheus;Current number of Targets in Scrape Pool;"100";0
1706391853;100;100;100;prometheus_target_sync_length_seconds{scrape_job="load_test",quantile="0.5"};.data.result[0].value[1];Prometheus;Time to sync Scrape pool Quantile 0.5;"0.110631795";0
1706391853;100;100;100;sum(net_conntrack_dialer_conn_failed_total{dialer_name="load_test"}) - sum(net_conntrack_dialer_conn_failed_total{dialer_name="load_test"} offset 1m);.data.result[0].value[1];Prometheus;Connection failed job Load Test 1m;"0";0
1706391853;100;100;100;node_hwmon_temp_celsius{chip="thermal_thermal_zone0",sensor="temp0"};.data.result[0].value[1];Node;Temperature Thermal zone 0 temp0;"45.464";0
1706391853;100;100;100;node_hwmon_temp_celsius{chip="thermal_thermal_zone0",sensor="temp1"};.data.result[0].value[1];Node;Temperature Thermal zone 0 temp1;"45.464";0
1706391853;100;100;100;(sum by(instance) (irate(node_cpu_seconds_total{job="node", mode!="idle"}[1m])) / on(instance) group_left sum by (instance)((irate(node_cpu_seconds_total{job="node"}[1m])))) * 100;.data.result[0].value[1];Node;CPU Busy % 1m;"99.79825151311232";0
1706391854;100;100;100;avg_over_time(node_load1{job="node"}[1m]) * 100 / on(instance) group_left sum by (instance)(irate(node_cpu_seconds_total{job="node"}[1m]));.data.result[0].value[1];Node;Sys Load % 1m;"144.92824478816107";1
1706391854;100;100;100;100 - ((avg_over_time(node_memory_MemAvailable_bytes{job="node"}[1m]) * 100) / avg_over_time(node_memory_MemTotal_bytes{job="node"}[1m]));.data.result[0].value[1];Node;Ram used % 1m;"91.4750364431487";0
1706391854;100;100;100;((avg_over_time(node_memory_SwapTotal_bytes{job="node"}[1m]) - avg_over_time(node_memory_SwapFree_bytes{job="node"}[1m])) / (avg_over_time(node_memory_SwapTotal_bytes{job="node"}[1m]) )) * 100;.data.result[0].value[1];Node;SWAP used % 1m;"96.87878432751279";0
1706391854;100;100;100;(sum by(instance) (irate(node_cpu_seconds_total{job="node", mode!="idle"}[5m])) / on(instance) group_left sum by (instance)((irate(node_cpu_seconds_total{job="node"}[5m])))) * 100;.data.result[0].value[1];Node;CPU Busy % 5m;"99.79825151311232";0
1706391854;100;100;100;avg_over_time(node_load1{job="node"}[5m]) * 100 / on(instance) group_left sum by (instance)(irate(node_cpu_seconds_total{job="node"}[5m]));.data.result[0].value[1];Node;Sys Load % 5m;"85.94699394754362";0
1706391854;100;100;100;100 - ((avg_over_time(node_memory_MemAvailable_bytes{job="node"}[5m]) * 100) / avg_over_time(node_memory_MemTotal_bytes{job="node"}[5m]));.data.result[0].value[1];Node;Ram used % 5m;"90.36584365889213";0
1706391854;100;100;100;((avg_over_time(node_memory_SwapTotal_bytes{job="node"}[5m]) - avg_over_time(node_memory_SwapFree_bytes{job="node"}[5m])) / (avg_over_time(node_memory_SwapTotal_bytes{job="node"}[5m]) )) * 100;.data.result[0].value[1];Node;SWAP used % 5m;"77.12059064807218";0
1706392038;100;200;10;sum(up{job="load_test"});.data.result[0].value[1];Load Test;Number of Targets up;"65";94
1706392446;100;200;10;count({__name__=~"Gauge_.+", job="load_test"});.data.result[0].value[1];Load Test;Total number of Gauges found in all Instances;null;408
1706392493;100;200;10;sum({__name__=~"Gauge_.+", job="load_test"});.data.result[0].value[1];Load Test;Grand total of all Gauge values on all Instances;"514380.00000002823";47
1706392504;100;200;10;avg({__name__=~"Gauge_.+", job="load_test"});.data.result[0].value[1];Load Test;Average of all Gauge values on all Instances;"596.380000000003";11
1706392504;100;200;10;prometheus_sd_discovered_targets{config="load_test",name="scrape"};.data.result[0].value[1];Prometheus;HTTP SD Number of discovered targets;"100";0
1706392504;100;200;10;prometheus_sd_refresh_duration_seconds{mechanism="http",quantile="0.99"};.data.result[0].value[1];Prometheus;HTTP SD Refresh duration;"364.840157846";0
1706392504;100;200;10;prometheus_target_scrape_pool_targets{scrape_job="load_test"};.data.result[0].value[1];Prometheus;Current number of Targets in Scrape Pool;"100";0
1706392504;100;200;10;prometheus_target_sync_length_seconds{scrape_job="load_test",quantile="0.5"};.data.result[0].value[1];Prometheus;Time to sync Scrape pool Quantile 0.5;"1.190529957";0
1706392504;100;200;10;sum(net_conntrack_dialer_conn_failed_total{dialer_name="load_test"}) - sum(net_conntrack_dialer_conn_failed_total{dialer_name="load_test"} offset 1m);.data.result[0].value[1];Prometheus;Connection failed job Load Test 1m;null;0
1706392504;100;200;10;node_hwmon_temp_celsius{chip="thermal_thermal_zone0",sensor="temp0"};.data.result[0].value[1];Node;Temperature Thermal zone 0 temp0;"46.54";0
1706392504;100;200;10;node_hwmon_temp_celsius{chip="thermal_thermal_zone0",sensor="temp1"};.data.result[0].value[1];Node;Temperature Thermal zone 0 temp1;"47.078";0
1706392505;100;200;10;(sum by(instance) (irate(node_cpu_seconds_total{job="node", mode!="idle"}[1m])) / on(instance) group_left sum by (instance)((irate(node_cpu_seconds_total{job="node"}[1m])))) * 100;.data.result[0].value[1];Node;CPU Busy % 1m;"100";1
1706392505;100;200;10;avg_over_time(node_load1{job="node"}[1m]) * 100 / on(instance) group_left sum by (instance)(irate(node_cpu_seconds_total{job="node"}[1m]));.data.result[0].value[1];Node;Sys Load % 1m;"404.3016032417204";0
1706392505;100;200;10;100 - ((avg_over_time(node_memory_MemAvailable_bytes{job="node"}[1m]) * 100) / avg_over_time(node_memory_MemTotal_bytes{job="node"}[1m]));.data.result[0].value[1];Node;Ram used % 1m;"82.59361333819243";0
1706392505;100;200;10;((avg_over_time(node_memory_SwapTotal_bytes{job="node"}[1m]) - avg_over_time(node_memory_SwapFree_bytes{job="node"}[1m])) / (avg_over_time(node_memory_SwapTotal_bytes{job="node"}[1m]) )) * 100;.data.result[0].value[1];Node;SWAP used % 1m;"98.79585140044533";0
1706392505;100;200;10;(sum by(instance) (irate(node_cpu_seconds_total{job="node", mode!="idle"}[5m])) / on(instance) group_left sum by (instance)((irate(node_cpu_seconds_total{job="node"}[5m])))) * 100;.data.result[0].value[1];Node;CPU Busy % 5m;"100";0
1706392505;100;200;10;avg_over_time(node_load1{job="node"}[5m]) * 100 / on(instance) group_left sum by (instance)(irate(node_cpu_seconds_total{job="node"}[5m]));.data.result[0].value[1];Node;Sys Load % 5m;"409.0021705426366";0
1706392505;100;200;10;100 - ((avg_over_time(node_memory_MemAvailable_bytes{job="node"}[5m]) * 100) / avg_over_time(node_memory_MemTotal_bytes{job="node"}[5m]));.data.result[0].value[1];Node;Ram used % 5m;"82.4234693877551";0
1706392505;100;200;10;((avg_over_time(node_memory_SwapTotal_bytes{job="node"}[5m]) - avg_over_time(node_memory_SwapFree_bytes{job="node"}[5m])) / (avg_over_time(node_memory_SwapTotal_bytes{job="node"}[5m]) )) * 100;.data.result[0].value[1];Node;SWAP used % 5m;"96.2639165592406";0
1706392599;100;200;50;sum(up{job="load_test"});.data.result[0].value[1];Load Test;Number of Targets up;"100";3
1706393097;100;200;50;count({__name__=~"Gauge_.+", job="load_test"});.data.result[0].value[1];Load Test;Total number of Gauges found in all Instances;null;498
1706393113;100;200;50;sum({__name__=~"Gauge_.+", job="load_test"});.data.result[0].value[1];Load Test;Grand total of all Gauge values on all Instances;"1146440.0000000992";16
1706393120;100;200;50;avg({__name__=~"Gauge_.+", job="load_test"});.data.result[0].value[1];Load Test;Average of all Gauge values on all Instances;"58.856000000000314";7
1706393120;100;200;50;prometheus_sd_discovered_targets{config="load_test",name="scrape"};.data.result[0].value[1];Prometheus;HTTP SD Number of discovered targets;"100";0
1706393120;100;200;50;prometheus_sd_refresh_duration_seconds{mechanism="http",quantile="0.99"};.data.result[0].value[1];Prometheus;HTTP SD Refresh duration;"321.008529478";0
1706393120;100;200;50;prometheus_target_scrape_pool_targets{scrape_job="load_test"};.data.result[0].value[1];Prometheus;Current number of Targets in Scrape Pool;"100";0
1706393120;100;200;50;prometheus_target_sync_length_seconds{scrape_job="load_test",quantile="0.5"};.data.result[0].value[1];Prometheus;Time to sync Scrape pool Quantile 0.5;"0.53142591";0
1706393120;100;200;50;sum(net_conntrack_dialer_conn_failed_total{dialer_name="load_test"}) - sum(net_conntrack_dialer_conn_failed_total{dialer_name="load_test"} offset 1m);.data.result[0].value[1];Prometheus;Connection failed job Load Test 1m;null;0
1706393120;100;200;50;node_hwmon_temp_celsius{chip="thermal_thermal_zone0",sensor="temp0"};.data.result[0].value[1];Node;Temperature Thermal zone 0 temp0;"47.616";0
1706393121;100;200;50;node_hwmon_temp_celsius{chip="thermal_thermal_zone0",sensor="temp1"};.data.result[0].value[1];Node;Temperature Thermal zone 0 temp1;"47.078";1
1706393121;100;200;50;(sum by(instance) (irate(node_cpu_seconds_total{job="node", mode!="idle"}[1m])) / on(instance) group_left sum by (instance)((irate(node_cpu_seconds_total{job="node"}[1m])))) * 100;.data.result[0].value[1];Node;CPU Busy % 1m;"100";0
1706393121;100;200;50;avg_over_time(node_load1{job="node"}[1m]) * 100 / on(instance) group_left sum by (instance)(irate(node_cpu_seconds_total{job="node"}[1m]));.data.result[0].value[1];Node;Sys Load % 1m;"401.1952477936223";0
1706393121;100;200;50;100 - ((avg_over_time(node_memory_MemAvailable_bytes{job="node"}[1m]) * 100) / avg_over_time(node_memory_MemTotal_bytes{job="node"}[1m]));.data.result[0].value[1];Node;Ram used % 1m;"82.01560981535471";0
1706393121;100;200;50;((avg_over_time(node_memory_SwapTotal_bytes{job="node"}[1m]) - avg_over_time(node_memory_SwapFree_bytes{job="node"}[1m])) / (avg_over_time(node_memory_SwapTotal_bytes{job="node"}[1m]) )) * 100;.data.result[0].value[1];Node;SWAP used % 1m;"99.8606716408193";0
1706393121;100;200;50;(sum by(instance) (irate(node_cpu_seconds_total{job="node", mode!="idle"}[5m])) / on(instance) group_left sum by (instance)((irate(node_cpu_seconds_total{job="node"}[5m])))) * 100;.data.result[0].value[1];Node;CPU Busy % 5m;"100";0
1706393121;100;200;50;avg_over_time(node_load1{job="node"}[5m]) * 100 / on(instance) group_left sum by (instance)(irate(node_cpu_seconds_total{job="node"}[5m]));.data.result[0].value[1];Node;Sys Load % 5m;"401.1952477936223";0
1706393121;100;200;50;100 - ((avg_over_time(node_memory_MemAvailable_bytes{job="node"}[5m]) * 100) / avg_over_time(node_memory_MemTotal_bytes{job="node"}[5m]));.data.result[0].value[1];Node;Ram used % 5m;"82.01560981535471";0
1706393121;100;200;50;((avg_over_time(node_memory_SwapTotal_bytes{job="node"}[5m]) - avg_over_time(node_memory_SwapFree_bytes{job="node"}[5m])) / (avg_over_time(node_memory_SwapTotal_bytes{job="node"}[5m]) )) * 100;.data.result[0].value[1];Node;SWAP used % 5m;"99.86522911051213";0
1706450817;100;200;100;sum(up{job="load_test"});.data.result[0].value[1];Load Test;Number of Targets up;;57605
1706450819;100;200;100;count({__name__=~"Gauge_.+", job="load_test"});.data.result[0].value[1];Load Test;Total number of Gauges found in all Instances;;2
1706450819;100;200;100;sum({__name__=~"Gauge_.+", job="load_test"});.data.result[0].value[1];Load Test;Grand total of all Gauge values on all Instances;;0
1706450819;100;200;100;avg({__name__=~"Gauge_.+", job="load_test"});.data.result[0].value[1];Load Test;Average of all Gauge values on all Instances;;0
1706450819;100;200;100;prometheus_sd_discovered_targets{config="load_test",name="scrape"};.data.result[0].value[1];Prometheus;HTTP SD Number of discovered targets;;0
1706450819;100;200;100;prometheus_sd_refresh_duration_seconds{mechanism="http",quantile="0.99"};.data.result[0].value[1];Prometheus;HTTP SD Refresh duration;;0
1706450819;100;200;100;prometheus_target_scrape_pool_targets{scrape_job="load_test"};.data.result[0].value[1];Prometheus;Current number of Targets in Scrape Pool;;0
1706450819;100;200;100;prometheus_target_sync_length_seconds{scrape_job="load_test",quantile="0.5"};.data.result[0].value[1];Prometheus;Time to sync Scrape pool Quantile 0.5;;0
1706450819;100;200;100;sum(net_conntrack_dialer_conn_failed_total{dialer_name="load_test"}) - sum(net_conntrack_dialer_conn_failed_total{dialer_name="load_test"} offset 1m);.data.result[0].value[1];Prometheus;Connection failed job Load Test 1m;;0
1706450820;100;200;100;node_hwmon_temp_celsius{chip="thermal_thermal_zone0",sensor="temp0"};.data.result[0].value[1];Node;Temperature Thermal zone 0 temp0;;1
1706450820;100;200;100;node_hwmon_temp_celsius{chip="thermal_thermal_zone0",sensor="temp1"};.data.result[0].value[1];Node;Temperature Thermal zone 0 temp1;;0
1706450820;100;200;100;(sum by(instance) (irate(node_cpu_seconds_total{job="node", mode!="idle"}[1m])) / on(instance) group_left sum by (instance)((irate(node_cpu_seconds_total{job="node"}[1m])))) * 100;.data.result[0].value[1];Node;CPU Busy % 1m;;0
1706450820;100;200;100;avg_over_time(node_load1{job="node"}[1m]) * 100 / on(instance) group_left sum by (instance)(irate(node_cpu_seconds_total{job="node"}[1m]));.data.result[0].value[1];Node;Sys Load % 1m;;0
1706450820;100;200;100;100 - ((avg_over_time(node_memory_MemAvailable_bytes{job="node"}[1m]) * 100) / avg_over_time(node_memory_MemTotal_bytes{job="node"}[1m]));.data.result[0].value[1];Node;Ram used % 1m;;0
1706450820;100;200;100;((avg_over_time(node_memory_SwapTotal_bytes{job="node"}[1m]) - avg_over_time(node_memory_SwapFree_bytes{job="node"}[1m])) / (avg_over_time(node_memory_SwapTotal_bytes{job="node"}[1m]) )) * 100;.data.result[0].value[1];Node;SWAP used % 1m;;0
1706450820;100;200;100;(sum by(instance) (irate(node_cpu_seconds_total{job="node", mode!="idle"}[5m])) / on(instance) group_left sum by (instance)((irate(node_cpu_seconds_total{job="node"}[5m])))) * 100;.data.result[0].value[1];Node;CPU Busy % 5m;;0
1706450820;100;200;100;avg_over_time(node_load1{job="node"}[5m]) * 100 / on(instance) group_left sum by (instance)(irate(node_cpu_seconds_total{job="node"}[5m]));.data.result[0].value[1];Node;Sys Load % 5m;;0
1706450820;100;200;100;100 - ((avg_over_time(node_memory_MemAvailable_bytes{job="node"}[5m]) * 100) / avg_over_time(node_memory_MemTotal_bytes{job="node"}[5m]));.data.result[0].value[1];Node;Ram used % 5m;;0
1706450820;100;200;100;((avg_over_time(node_memory_SwapTotal_bytes{job="node"}[5m]) - avg_over_time(node_memory_SwapFree_bytes{job="node"}[5m])) / (avg_over_time(node_memory_SwapTotal_bytes{job="node"}[5m]) )) * 100;.data.result[0].value[1];Node;SWAP used % 5m;;0
1706450910;200;100;10;sum(up{job="load_test"});.data.result[0].value[1];Load Test;Number of Targets up;;0
1706450910;200;100;10;count({__name__=~"Gauge_.+", job="load_test"});.data.result[0].value[1];Load Test;Total number of Gauges found in all Instances;;0
1706450911;200;100;10;sum({__name__=~"Gauge_.+", job="load_test"});.data.result[0].value[1];Load Test;Grand total of all Gauge values on all Instances;;1
1706450911;200;100;10;avg({__name__=~"Gauge_.+", job="load_test"});.data.result[0].value[1];Load Test;Average of all Gauge values on all Instances;;0
1706450911;200;100;10;prometheus_sd_discovered_targets{config="load_test",name="scrape"};.data.result[0].value[1];Prometheus;HTTP SD Number of discovered targets;;0
1706450911;200;100;10;prometheus_sd_refresh_duration_seconds{mechanism="http",quantile="0.99"};.data.result[0].value[1];Prometheus;HTTP SD Refresh duration;;0
1706450911;200;100;10;prometheus_target_scrape_pool_targets{scrape_job="load_test"};.data.result[0].value[1];Prometheus;Current number of Targets in Scrape Pool;;0
1706450911;200;100;10;prometheus_target_sync_length_seconds{scrape_job="load_test",quantile="0.5"};.data.result[0].value[1];Prometheus;Time to sync Scrape pool Quantile 0.5;;0
1706450911;200;100;10;sum(net_conntrack_dialer_conn_failed_total{dialer_name="load_test"}) - sum(net_conntrack_dialer_conn_failed_total{dialer_name="load_test"} offset 1m);.data.result[0].value[1];Prometheus;Connection failed job Load Test 1m;;0
1706450911;200;100;10;node_hwmon_temp_celsius{chip="thermal_thermal_zone0",sensor="temp0"};.data.result[0].value[1];Node;Temperature Thermal zone 0 temp0;;0
1706450911;200;100;10;node_hwmon_temp_celsius{chip="thermal_thermal_zone0",sensor="temp1"};.data.result[0].value[1];Node;Temperature Thermal zone 0 temp1;;0
1706450911;200;100;10;(sum by(instance) (irate(node_cpu_seconds_total{job="node", mode!="idle"}[1m])) / on(instance) group_left sum by (instance)((irate(node_cpu_seconds_total{job="node"}[1m])))) * 100;.data.result[0].value[1];Node;CPU Busy % 1m;;0
1706450911;200;100;10;avg_over_time(node_load1{job="node"}[1m]) * 100 / on(instance) group_left sum by (instance)(irate(node_cpu_seconds_total{job="node"}[1m]));.data.result[0].value[1];Node;Sys Load % 1m;;0
1706450911;200;100;10;100 - ((avg_over_time(node_memory_MemAvailable_bytes{job="node"}[1m]) * 100) / avg_over_time(node_memory_MemTotal_bytes{job="node"}[1m]));.data.result[0].value[1];Node;Ram used % 1m;;0
1706450911;200;100;10;((avg_over_time(node_memory_SwapTotal_bytes{job="node"}[1m]) - avg_over_time(node_memory_SwapFree_bytes{job="node"}[1m])) / (avg_over_time(node_memory_SwapTotal_bytes{job="node"}[1m]) )) * 100;.data.result[0].value[1];Node;SWAP used % 1m;;0
1706450911;200;100;10;(sum by(instance) (irate(node_cpu_seconds_total{job="node", mode!="idle"}[5m])) / on(instance) group_left sum by (instance)((irate(node_cpu_seconds_total{job="node"}[5m])))) * 100;.data.result[0].value[1];Node;CPU Busy % 5m;;0
1706450912;200;100;10;avg_over_time(node_load1{job="node"}[5m]) * 100 / on(instance) group_left sum by (instance)(irate(node_cpu_seconds_total{job="node"}[5m]));.data.result[0].value[1];Node;Sys Load % 5m;;1
1706450912;200;100;10;100 - ((avg_over_time(node_memory_MemAvailable_bytes{job="node"}[5m]) * 100) / avg_over_time(node_memory_MemTotal_bytes{job="node"}[5m]));.data.result[0].value[1];Node;Ram used % 5m;;0
1706450912;200;100;10;((avg_over_time(node_memory_SwapTotal_bytes{job="node"}[5m]) - avg_over_time(node_memory_SwapFree_bytes{job="node"}[5m])) / (avg_over_time(node_memory_SwapTotal_bytes{job="node"}[5m]) )) * 100;.data.result[0].value[1];Node;SWAP used % 5m;;0
1706451006;200;100;50;sum(up{job="load_test"});.data.result[0].value[1];Load Test;Number of Targets up;;4
1706451006;200;100;50;count({__name__=~"Gauge_.+", job="load_test"});.data.result[0].value[1];Load Test;Total number of Gauges found in all Instances;;0
1706451006;200;100;50;sum({__name__=~"Gauge_.+", job="load_test"});.data.result[0].value[1];Load Test;Grand total of all Gauge values on all Instances;;0
1706451006;200;100;50;avg({__name__=~"Gauge_.+", job="load_test"});.data.result[0].value[1];Load Test;Average of all Gauge values on all Instances;;0
1706451006;200;100;50;prometheus_sd_discovered_targets{config="load_test",name="scrape"};.data.result[0].value[1];Prometheus;HTTP SD Number of discovered targets;;0
1706451006;200;100;50;prometheus_sd_refresh_duration_seconds{mechanism="http",quantile="0.99"};.data.result[0].value[1];Prometheus;HTTP SD Refresh duration;;0
1706451006;200;100;50;prometheus_target_scrape_pool_targets{scrape_job="load_test"};.data.result[0].value[1];Prometheus;Current number of Targets in Scrape Pool;;0
1706451007;200;100;50;prometheus_target_sync_length_seconds{scrape_job="load_test",quantile="0.5"};.data.result[0].value[1];Prometheus;Time to sync Scrape pool Quantile 0.5;;1
1706451007;200;100;50;sum(net_conntrack_dialer_conn_failed_total{dialer_name="load_test"}) - sum(net_conntrack_dialer_conn_failed_total{dialer_name="load_test"} offset 1m);.data.result[0].value[1];Prometheus;Connection failed job Load Test 1m;;0
1706451007;200;100;50;node_hwmon_temp_celsius{chip="thermal_thermal_zone0",sensor="temp0"};.data.result[0].value[1];Node;Temperature Thermal zone 0 temp0;;0
1706451007;200;100;50;node_hwmon_temp_celsius{chip="thermal_thermal_zone0",sensor="temp1"};.data.result[0].value[1];Node;Temperature Thermal zone 0 temp1;;0
1706451007;200;100;50;(sum by(instance) (irate(node_cpu_seconds_total{job="node", mode!="idle"}[1m])) / on(instance) group_left sum by (instance)((irate(node_cpu_seconds_total{job="node"}[1m])))) * 100;.data.result[0].value[1];Node;CPU Busy % 1m;;0
1706451007;200;100;50;avg_over_time(node_load1{job="node"}[1m]) * 100 / on(instance) group_left sum by (instance)(irate(node_cpu_seconds_total{job="node"}[1m]));.data.result[0].value[1];Node;Sys Load % 1m;;0
1706451007;200;100;50;100 - ((avg_over_time(node_memory_MemAvailable_bytes{job="node"}[1m]) * 100) / avg_over_time(node_memory_MemTotal_bytes{job="node"}[1m]));.data.result[0].value[1];Node;Ram used % 1m;;0
1706451007;200;100;50;((avg_over_time(node_memory_SwapTotal_bytes{job="node"}[1m]) - avg_over_time(node_memory_SwapFree_bytes{job="node"}[1m])) / (avg_over_time(node_memory_SwapTotal_bytes{job="node"}[1m]) )) * 100;.data.result[0].value[1];Node;SWAP used % 1m;;0
1706451007;200;100;50;(sum by(instance) (irate(node_cpu_seconds_total{job="node", mode!="idle"}[5m])) / on(instance) group_left sum by (instance)((irate(node_cpu_seconds_total{job="node"}[5m])))) * 100;.data.result[0].value[1];Node;CPU Busy % 5m;;0
1706451007;200;100;50;avg_over_time(node_load1{job="node"}[5m]) * 100 / on(instance) group_left sum by (instance)(irate(node_cpu_seconds_total{job="node"}[5m]));.data.result[0].value[1];Node;Sys Load % 5m;;0
1706451007;200;100;50;100 - ((avg_over_time(node_memory_MemAvailable_bytes{job="node"}[5m]) * 100) / avg_over_time(node_memory_MemTotal_bytes{job="node"}[5m]));.data.result[0].value[1];Node;Ram used % 5m;;0
1706451008;200;100;50;((avg_over_time(node_memory_SwapTotal_bytes{job="node"}[5m]) - avg_over_time(node_memory_SwapFree_bytes{job="node"}[5m])) / (avg_over_time(node_memory_SwapTotal_bytes{job="node"}[5m]) )) * 100;.data.result[0].value[1];Node;SWAP used % 5m;;1
1706451101;200;100;100;sum(up{job="load_test"});.data.result[0].value[1];Load Test;Number of Targets up;;3
1706451101;200;100;100;count({__name__=~"Gauge_.+", job="load_test"});.data.result[0].value[1];Load Test;Total number of Gauges found in all Instances;;0
1706451101;200;100;100;sum({__name__=~"Gauge_.+", job="load_test"});.data.result[0].value[1];Load Test;Grand total of all Gauge values on all Instances;;0
1706451101;200;100;100;avg({__name__=~"Gauge_.+", job="load_test"});.data.result[0].value[1];Load Test;Average of all Gauge values on all Instances;;0
1706451101;200;100;100;prometheus_sd_discovered_targets{config="load_test",name="scrape"};.data.result[0].value[1];Prometheus;HTTP SD Number of discovered targets;;0
1706451101;200;100;100;prometheus_sd_refresh_duration_seconds{mechanism="http",quantile="0.99"};.data.result[0].value[1];Prometheus;HTTP SD Refresh duration;;0
1706451101;200;100;100;prometheus_target_scrape_pool_targets{scrape_job="load_test"};.data.result[0].value[1];Prometheus;Current number of Targets in Scrape Pool;;0
1706451101;200;100;100;prometheus_target_sync_length_seconds{scrape_job="load_test",quantile="0.5"};.data.result[0].value[1];Prometheus;Time to sync Scrape pool Quantile 0.5;;0
1706451102;200;100;100;sum(net_conntrack_dialer_conn_failed_total{dialer_name="load_test"}) - sum(net_conntrack_dialer_conn_failed_total{dialer_name="load_test"} offset 1m);.data.result[0].value[1];Prometheus;Connection failed job Load Test 1m;;1
1706451102;200;100;100;node_hwmon_temp_celsius{chip="thermal_thermal_zone0",sensor="temp0"};.data.result[0].value[1];Node;Temperature Thermal zone 0 temp0;;0
1706451102;200;100;100;node_hwmon_temp_celsius{chip="thermal_thermal_zone0",sensor="temp1"};.data.result[0].value[1];Node;Temperature Thermal zone 0 temp1;;0
1706451102;200;100;100;(sum by(instance) (irate(node_cpu_seconds_total{job="node", mode!="idle"}[1m])) / on(instance) group_left sum by (instance)((irate(node_cpu_seconds_total{job="node"}[1m])))) * 100;.data.result[0].value[1];Node;CPU Busy % 1m;;0
1706451102;200;100;100;avg_over_time(node_load1{job="node"}[1m]) * 100 / on(instance) group_left sum by (instance)(irate(node_cpu_seconds_total{job="node"}[1m]));.data.result[0].value[1];Node;Sys Load % 1m;;0
1706451102;200;100;100;100 - ((avg_over_time(node_memory_MemAvailable_bytes{job="node"}[1m]) * 100) / avg_over_time(node_memory_MemTotal_bytes{job="node"}[1m]));.data.result[0].value[1];Node;Ram used % 1m;;0
1706451102;200;100;100;((avg_over_time(node_memory_SwapTotal_bytes{job="node"}[1m]) - avg_over_time(node_memory_SwapFree_bytes{job="node"}[1m])) / (avg_over_time(node_memory_SwapTotal_bytes{job="node"}[1m]) )) * 100;.data.result[0].value[1];Node;SWAP used % 1m;;0
1706451102;200;100;100;(sum by(instance) (irate(node_cpu_seconds_total{job="node", mode!="idle"}[5m])) / on(instance) group_left sum by (instance)((irate(node_cpu_seconds_total{job="node"}[5m])))) * 100;.data.result[0].value[1];Node;CPU Busy % 5m;;0
1706451102;200;100;100;avg_over_time(node_load1{job="node"}[5m]) * 100 / on(instance) group_left sum by (instance)(irate(node_cpu_seconds_total{job="node"}[5m]));.data.result[0].value[1];Node;Sys Load % 5m;;0
1706451102;200;100;100;100 - ((avg_over_time(node_memory_MemAvailable_bytes{job="node"}[5m]) * 100) / avg_over_time(node_memory_MemTotal_bytes{job="node"}[5m]));.data.result[0].value[1];Node;Ram used % 5m;;0
1706451102;200;100;100;((avg_over_time(node_memory_SwapTotal_bytes{job="node"}[5m]) - avg_over_time(node_memory_SwapFree_bytes{job="node"}[5m])) / (avg_over_time(node_memory_SwapTotal_bytes{job="node"}[5m]) )) * 100;.data.result[0].value[1];Node;SWAP used % 5m;;0
